1,Victor,Franklin,vfranklin0@home.pl,14/06/12,https://robohash.org/sedpraesentiumquidem.png?size=90x90&set=set1
2,Alan,Bennett,abennett1@forbes.com,26/05/07,https://robohash.org/veniamquibusdamsint.png?size=90x90&set=set1
3,Richard,Rose,rrose2@privacy.gov.au,24/02/16,https://robohash.org/corruptiveritatisearum.png?size=90x90&set=set1
4,Jerry,Kennedy,jkennedy3@seesaa.net,9/08/06,https://robohash.org/solutaautdignissimos.png?size=90x90&set=set1
5,Rachel,Dean,rdean4@springer.com,10/11/12,https://robohash.org/numquamindignissimos.png?size=90x90&set=set1
6,Mildred,Mendoza,mmendoza5@nymag.com,18/09/08,https://robohash.org/aquidemplaceat.png?size=90x90&set=set1
7,Janet,Diaz,jdiaz6@mac.com,13/04/12,https://robohash.org/etsuntsint.png?size=90x90&set=set1
8,Anthony,Perkins,aperkins7@cdc.gov,16/08/07,https://robohash.org/dolordistinctioid.png?size=90x90&set=set1
9,Deborah,Smith,dsmith8@behance.net,18/11/04,https://robohash.org/idestsint.png?size=90x90&set=set1
10,Laura,Edwards,ledwards9@photobucket.com,21/02/14,https://robohash.org/cupiditatesintblanditiis.png?size=90x90&set=set1
11,Donald,Hernandez,dhernandeza@microsoft.com,13/10/06,https://robohash.org/utevenietmollitia.png?size=90x90&set=set1
12,Sharon,Stone,sstoneb@unesco.org,14/04/01,https://robohash.org/utilloiste.png?size=90x90&set=set1
13,Angela,Howell,ahowellc@time.com,20/07/07,https://robohash.org/etdelectuscupiditate.png?size=90x90&set=set1
14,Bobby,Lewis,blewisd@microsoft.com,30/04/02,https://robohash.org/suntipsavelit.png?size=90x90&set=set1
15,Aaron,Baker,abakere@simplemachines.org,14/07/12,https://robohash.org/isteoccaecatiquam.png?size=90x90&set=set1
